ri,partido,marca,convenio,disponibilidad,ubicacion,coordenadas
E-3250/19,25 de Mayo,EMA 3.200.000 LTS/HR,NO,SI,Laguna de la Mulita,https://maps.app.goo.gl/VXW4teX4jRxojcQq7
PHL-045,25 de Mayo,PIVAS 4.000.000 LTS/HR,NO,SI,Laguna de la Mulita,https://maps.app.goo.gl/VXW4teX4jRxojcQq7
PHL-048,25 de Mayo,PIVAS 4.000.000 LTS/HR,NO,SI,Laguna de la Mulita,https://maps.app.goo.gl/VXW4teX4jRxojcQq7
E-3238/19,9 de Julio,EMA 3.200.000 LTS/HR,NO,SI,Departamento Zona III 9 de Julio,https://maps.app.goo.gl/F5Cn465vRrUL5G67A
E-3258/19,9 de Julio,EMA 3.200.000 LTS/HR,NO,SI,Departamento Zona III 9 de Julio,https://maps.app.goo.gl/F5Cn465vRrUL5G67A
E-17/25,9 de Julio,EMA 3.200.000 LTS/HR,NO,SI,Municipalidad de 9 de Julio,https://maps.app.goo.gl/mT3w5DZg4A5PBanu9
E-14-0383/25,9 de Julio,EMA 3.200.000 LTS/HR,NO,SI,Municipalidad de 9 de Julio,https://maps.app.goo.gl/mT3w5DZg4A5PBanu9
E-14-0385/25,9 de Julio,EMA 3.200.000 LTS/HR,NO,SI,Municipalidad de 9 de Julio,https://maps.app.goo.gl/mT3w5DZg4A5PBanu9
E-14-0386/25,9 de Julio,EMA 3.200.000 LTS/HR,NO,SI,Municipalidad de 9 de Julio,https://maps.app.goo.gl/mT3w5DZg4A5PBanu9
E-14-0387/25,9 de Julio,EMA 3.200.000 LTS/HR,NO,SI,Municipalidad de 9 de Julio,https://maps.app.goo.gl/mT3w5DZg4A5PBanu9
E-14-0390/25,9 de Julio,EMA 3.200.000 LTS/HR,NO,SI,Municipalidad de 9 de Julio,https://maps.app.goo.gl/mT3w5DZg4A5PBanu9
P-072-L/16,Bolivar,PIVAS 3.000.000 LTS/HR,NO,SI,Parque Municipal de Bolivar,https://maps.app.goo.gl/JAFxSfBJYXJS6sBM9
P-036,Capilla del Señor,PIVAS 2.000.000 LTS/HR,NO,SI,Ubicación desconocida,
E-14-0384/25,Carlos Casares,EMA 3.200.000 LTS/HR,NO,SI,Municipalidad de Carlos Casares,https://maps.app.goo.gl/vRbzWd13LA4pJ8tB6
E-3242/19,Daireaux,EMA 3.200.000 LTS/HR,NO,SI,Corralon Municipal de Arboleda,https://maps.app.goo.gl/d7dY3MKYwVYd6FQy6
E-3245/19,Daireaux,EMA 3.200.000 LTS/HR,NO,SI,Bomberos Voluntarios de Arboleda,https://maps.app.goo.gl/whADcGC2ct1DbqwY6
E-3259/19,Dolores,EMA 3.200.000 LTS/HR,NO,SI,Departamento Zona VIII Dolores,https://maps.app.goo.gl/5F7AwkGCFEcknCbt6
E-3262/19,Dolores,EMA 3.200.000 LTS/HR,NO,SI,Departamento Zona VIII Dolores,https://maps.app.goo.gl/5F7AwkGCFEcknCbt6
PHL-053,Dolores,PIVAS 4.000.000 LTS/HR,NO,SI,Corralon Municipal de Roque Perez (PRESTAMO A Departamento Zona VIII Dolores DPH),https://maps.app.goo.gl/5F7AwkGCFEcknCbt6
PHL-054,Dolores,PIVAS 4.000.000 LTS/HR,NO,SI,Corralon Municipal de Roque Perez (PRESTAMO A Departamento Zona VIII Dolores DPH),https://maps.app.goo.gl/5F7AwkGCFEcknCbt6
E-01,Florentino Ameghino,EMA 1.500.000 LTS/HR,NO,SI,Corralon Municipal de Florentino Ameghino,https://maps.app.goo.gl/7BTtqJb96bZek5wM7
P-034,Florentino Ameghino,PIVAS 2.000.000 LTS/HR,NO,SI,Corralon Municipal de Florentino Ameghino,https://maps.app.goo.gl/7BTtqJb96bZek5wM7
P-088-BID 3256/16,General Arenales,PIVAS 1.500.000 LTS/HR,NO,SI,Corralon de Ascension,https://maps.app.goo.gl/qxV3ZkdbbyKCnYTx9
PHL-044,General Arenales,PIVAS 4.000.000 LTS/HR,NO,SI,Deposito Vial de la Delegacion de Ferre,https://maps.app.goo.gl/JA9wXX3r3w1raFuW8
PHL-049,General Belgrano,PIVAS 4.000.000 LTS/HR,NO,SI,Municipalidad de General Belgrano,https://maps.app.goo.gl/QKMPGtwXAGenZqQE6
PHL-050,General Belgrano,PIVAS 4.000.000 LTS/HR,NO,SI,Municipalidad de General Belgrano,https://maps.app.goo.gl/QKMPGtwXAGenZqQE6
E-005 (c/motor),General Guido,EMA 1.800.000 LTS/HR,NO,SI,Corralon Municipal de Gral. Guido,https://maps.app.goo.gl/oeV1oujsgf2LTYXh9
P-030,General Guido,PIVAS 2.000.000 LTS/HR,NO,SI,Corralon Municipal de Gral. Guido,https://maps.app.goo.gl/oeV1oujsgf2LTYXh9
E-09 (Con Motor  NO Operativo),Guaminí,EMA 1.800.000 LTS/HR,NO,SI,Corralon Municipal de Guamini,https://maps.app.goo.gl/gwXgAqYwTQRFPVKr9
P-009,Guaminí,PIVAS 2.000.000 LTS/HR,NO,SI,Estacion de Bombeo de la Laguna del Monte,https://maps.app.goo.gl/iG1G6yAecQSVgnJ7A
E-3239/19,Guaminí,EMA 3.200.000 LTS/HR,NO,SI,Estacion de Bombeo de la Laguna del Monte,https://maps.app.goo.gl/iG1G6yAecQSVgnJ7A
E-3251/19,Guaminí,EMA 3.200.000 LTS/HR,NO,SI,Estacion de Bombeo de la Laguna del Monte,https://maps.app.goo.gl/iG1G6yAecQSVgnJ7A
P-068-L/16,Guaminí,PIVAS 3.000.000 LTS/HR,NO,SI,Corralon Municipal de Guamini,https://maps.app.goo.gl/gwXgAqYwTQRFPVKr9
P-056-L/16,Hipólito Yrigoyen,PIVAS 3.000.000 LTS/HR,NO,SI,Ubicación desconocida,
P-076-BID 3256/16,Junín,PIVAS 3.000.000 LTS/HR,NO,SI,Barrio San Ignacio (Junin),https://maps.app.goo.gl/xcm2W9bQfvqdfenHA
P-082-BID 3256/16,Junín,PIVAS 1.500.000 LTS/HR,NO,SI,RN188 y Calle Ricardo Rojas (Junin),https://maps.app.goo.gl/zDNZRS2nMEdKBuUH6
E-14-0391/25,Junín,EMA 3.200.000 LTS/HR,NO,SI,Laplacette,https://maps.app.goo.gl/Qwe649TrRMVgVqbn9
E-14-0393/25,Junín,EMA 3.200.000 LTS/HR,NO,SI,Corralon Vial de la Municipalidad de Junin,https://maps.app.goo.gl/Su7KNa2BnznUNMDw9
PHL-046,Las Flores,PIVAS 4.000.000 LTS/HR,NO,SI,Municipalidad de Las Flores,https://maps.app.goo.gl/zW9vwBwC1Whnb7Lj6
P-016,Lincoln,PIVAS 2.000.000 LTS/HR,NO,SI,Terreno al lado del Corralon Municipal de Lincoln (Av. Salta y Calle Liborio Tiseyra),https://maps.app.goo.gl/PXcNj3PkFTmHmHq47
E-18/25,Lincoln,EMA 3.200.000 LTS/HR,NO,SI,Municipalidad de Lincoln,https://maps.app.goo.gl/hvWWTZcNAbVRrsdz6
P-015 (c/motor MP-004),Departamento de Logistica,PIVAS 2.000.000 LTS/HR,NO,SI,Departamento de Logistica,https://maps.app.goo.gl/qTDtmEcpDmV96k458
P-061-L/16,Departamento de Logistica,PIVAS 3.000.000 LTS/HR,NO,SI,Departamento de Logistica,https://maps.app.goo.gl/qTDtmEcpDmV96k458
P-062-L/16,Departamento de Logistica,PIVAS 3.000.000 LTS/HR,NO,SI,Departamento de Logistica,https://maps.app.goo.gl/qTDtmEcpDmV96k458
PHL-037,Departamento de Logistica,PIVAS 4.000.000 LTS/HR,NO,SI,Departamento de Logistica,https://maps.app.goo.gl/qTDtmEcpDmV96k458
PHL-038,Departamento de Logistica,PIVAS 4.000.000 LTS/HR,NO,SI,Departamento de Logistica,https://maps.app.goo.gl/qTDtmEcpDmV96k458
PHL-040,Departamento de Logistica,PIVAS 4.000.000 LTS/HR,NO,SI,Departamento de Logistica,https://maps.app.goo.gl/qTDtmEcpDmV96k458
PHL-041,Departamento de Logistica,PIVAS 4.000.000 LTS/HR,NO,SI,Departamento de Logistica,https://maps.app.goo.gl/qTDtmEcpDmV96k458
PHL-042,Departamento de Logistica,PIVAS 4.000.000 LTS/HR,NO,SI,Departamento de Logistica,https://maps.app.goo.gl/qTDtmEcpDmV96k458
PHL-043,Departamento de Logistica,PIVAS 4.000.000 LTS/HR,NO,SI,Departamento de Logistica,https://maps.app.goo.gl/qTDtmEcpDmV96k458
PHL-047,Departamento de Logistica,PIVAS 4.000.000 LTS/HR,NO,SI,Departamento de Logistica,https://maps.app.goo.gl/qTDtmEcpDmV96k458
PHL-051,Departamento de Logistica,PIVAS 4.000.000 LTS/HR,NO,SI,Departamento de Logistica,https://maps.app.goo.gl/qTDtmEcpDmV96k458
PHL-055,Departamento de Logistica,PIVAS 4.000.000 LTS/HR,NO,SI,Departamento de Logistica,https://maps.app.goo.gl/qTDtmEcpDmV96k458
PHL-056,Departamento de Logistica,PIVAS 4.000.000 LTS/HR,NO,SI,Departamento de Logistica,https://maps.app.goo.gl/qTDtmEcpDmV96k458
E-13/25,Departamento de Logistica,EMA 3.200.000 LTS/HR,NO,SI,Departamento de Logistica,https://maps.app.goo.gl/qTDtmEcpDmV96k458
E-14/25,Departamento de Logistica,EMA 3.200.000 LTS/HR,NO,SI,Departamento de Logistica,https://maps.app.goo.gl/qTDtmEcpDmV96k458
E-15/25,Departamento de Logistica,EMA 3.200.000 LTS/HR,NO,SI,Departamento de Logistica,https://maps.app.goo.gl/qTDtmEcpDmV96k458
E-16/25,Departamento de Logistica,EMA 3.200.000 LTS/HR,NO,SI,Departamento de Logistica,https://maps.app.goo.gl/qTDtmEcpDmV96k458
E-14-0379/25,Departamento de Logistica,EMA 3.200.000 LTS/HR,NO,SI,Departamento de Logistica,https://maps.app.goo.gl/qTDtmEcpDmV96k458
E-14-0380/25,Departamento de Logistica,EMA 3.200.000 LTS/HR,NO,SI,Departamento de Logistica,https://maps.app.goo.gl/qTDtmEcpDmV96k458
E-14-0381/25,Departamento de Logistica,EMA 3.200.000 LTS/HR,NO,SI,Departamento de Logistica,https://maps.app.goo.gl/qTDtmEcpDmV96k458
E-14-0382/25,Departamento de Logistica,EMA 3.200.000 LTS/HR,NO,SI,Departamento de Logistica,https://maps.app.goo.gl/qTDtmEcpDmV96k458
E-14-0388/25,Departamento de Logistica,EMA 3.200.000 LTS/HR,NO,SI,Departamento de Logistica,https://maps.app.goo.gl/qTDtmEcpDmV96k458
E-14-0389/25,Departamento de Logistica,EMA 3.200.000 LTS/HR,NO,SI,Departamento de Logistica,https://maps.app.goo.gl/qTDtmEcpDmV96k458
PHL-052,Navarro,PIVAS 4.000.000 LTS/HR,NO,SI,Ubicación desconocida,
E-11/25,Pehuajó,EMA 3.200.000 LTS/HR,NO,SI,Municipalidad de Pehuajo,https://maps.app.goo.gl/5UFngrvkFC3UApwQ9
E-14-0392/25,Pehuajó,EMA 3.200.000 LTS/HR,NO,SI,Municipalidad de Pehuajo,https://maps.app.goo.gl/5UFngrvkFC3UApwQ9
P-013,Pehuajó,PIVAS 2.000.000 LTS/HR,NO,SI,Corralon Municipal de Pehuajo,https://maps.app.goo.gl/5UFngrvkFC3UApwQ9
P-028,Pehuajó,PIVAS 2.000.000 LTS/HR,NO,SI,Corralon Municipal de Pehuajo,https://maps.app.goo.gl/5UFngrvkFC3UApwQ9
P-039,Pehuajó,PIVAS 2.000.000 LTS/HR,NO,SI,Corralon Municipal de Pehuajo,https://maps.app.goo.gl/5UFngrvkFC3UApwQ9
E-3243/19,Pehuajó,EMA 3.200.000 LTS/HR,NO,SI,Corralon Municipal de Pehuajo,https://maps.app.goo.gl/5UFngrvkFC3UApwQ9
E-3246/19,Pehuajó,EMA 3.200.000 LTS/HR,NO,SI,Corralon Municipal de Pehuajo,https://maps.app.goo.gl/5UFngrvkFC3UApwQ9
P-084-BID 3256/16,Pehuajó,PIVAS PRÉSTAMO BID/3256/20,NO,SI,Ubicación desconocida,
P-085-BID 3256/16,Pehuajó,PIVAS PRÉSTAMO BID/3256/21,NO,SI,Ubicación desconocida,
E-3240/19,Pellegrini,EMA 3.200.000 LTS/HR,NO,SI,Corralon Municipal de Pellegrini,https://maps.app.goo.gl/9E6T65crgxqQosmJ6
P-066-L/16,Pellegrini,PIVAS 3.000.000 LTS/HR,NO,SI,Planta de Residuos de Pellegrini,https://maps.app.goo.gl/a7wKTySkQgntsXwD7
P-003,Pergamino,PIVAS 2.000.000 LTS/HR,NO,SI,Secretaria de Servicios Publicos de Pergamino,https://maps.app.goo.gl/YPBBLUqW5J1aQyky8
P-057-L/16,Pergamino,PIVAS 3.000.000 LTS/HR,NO,SI,Departamento Zona I Pergamino DPH,https://maps.app.goo.gl/Jmam4jGM1KHd7Nhk6
P-058-L/16,Pergamino,PIVAS 3.000.000 LTS/HR,NO,SI,Departamento Zona I Pergamino DPH,https://maps.app.goo.gl/Jmam4jGM1KHd7Nhk6
P-083-BID 3256/16,Pergamino,PIVAS 3.000.000 LTS/HR,NO,SI,Departamento Zona I (Pergamino) DPH,https://maps.app.goo.gl/Jmam4jGM1KHd7Nhk6
P-069-L/16,Coronel Pringles,PIVAS 3.000.000 LTS/HR,NO,SI,Ubicación desconocida,
P-012,Puán,PIVAS 2.000.000 LTS/HR,NO,SI,Ubicación desconocida,
E-3244/19,Rivadavia,EMA 3.200.000 LTS/HR,NO,SI,Corralon Municipal de America,https://maps.app.goo.gl/dkn7sHTVRwCGAd847
E-12/25,Roque Pérez,EMA 3.200.000 LTS/HR,NO,SI,Municipalidad de Roque Perez,https://maps.app.goo.gl/mP8ch8N1KWgBXXkv8
P-004 (c/motor),Roque Pérez,PIVAS 2.000.000 LTS/HR,NO,NO,Ubicación desconocida,
P-014 (c/motor),Roque Pérez,PIVAS 2.000.000 LTS/HR,NO,SI,Corralon Municipal de Roque Perez,https://maps.app.goo.gl/mP8ch8N1KWgBXXkv8
P-021,Roque Pérez,PIVAS 2.000.000 LTS/HR,NO,SI,Corralon Municipal de Roque Perez,https://maps.app.goo.gl/mP8ch8N1KWgBXXkv8
P-022,Roque Pérez,PIVAS 2.000.000 LTS/HR,NO,SI,Corralon Municipal de Roque Perez,https://maps.app.goo.gl/mP8ch8N1KWgBXXkv8
P-026,Roque Pérez,PIVAS 2.000.000 LTS/HR,NO,NO,Ubicación desconocida,
P-087-BID 3256/16,San Pedro,PIVAS 1.500.000 LTS/HR,NO,SI,CORRALON MUNICIPAL DE SAN PEDRO,https://maps.app.goo.gl/NYjyjC69RSSTkEgP6
P-089-BID 3256/16,San Pedro,PIVAS 1.500.000 LTS/HR,NO,SI,CORRALON MUNICIPAL DE SAN PEDRO,https://maps.app.goo.gl/NYjyjC69RSSTkEgP6
P-033,Tres Lomas,PIVAS 2.000.000 LTS/HR,NO,SI,Ubicación desconocida,
P-002,Ubicacion Desconocida,PIVAS 2.000.000 LTS/HR,NO,SI,Ubicación desconocida,
E-004,Ubicacion Desconocida,EMA 1.500.000 LTS/HR,NO,SI,Ubicación desconocida,
E-006,Ubicacion Desconocida,EMA 1.500.000 LTS/HR,NO,SI,Ubicación desconocida,
E-07,Ubicacion Desconocida,EMA 1.500.000 LTS/HR,NO,SI,Ubicación desconocida,
P-008,Ubicacion Desconocida,PIVAS 2.000.000 LTS/HR,NO,SI,Ubicación desconocida,
P-017,Ubicacion Desconocida,PIVAS 2.000.000 LTS/HR,NO,SI,Ubicación desconocida,
P-025,Ubicacion Desconocida,PIVAS 2.000.000 LTS/HR,NO,SI,Ubicación desconocida,
P-031,Ubicacion Desconocida,PIVAS 2.000.000 LTS/HR,NO,SI,Ubicación desconocida,
P-032,Ubicacion Desconocida,PIVAS 2.000.000 LTS/HR,NO,SI,Ubicación desconocida,
P-040,Ubicacion Desconocida,PIVAS 2.000.000 LTS/HR,NO,SI,Ubicación desconocida,
P-064-L/16,Ubicacion Desconocida,PIVAS 3.000.000 LTS/HR,NO,SI,Ubicación desconocida,
P-010,Adolfo Alsina,PIVAS 2.000.000 LTS/HR,NO,SI,Calle Peru,https://maps.app.goo.gl/xobPTB9egwkehAvFA
E-3252/19,Adolfo Alsina,EMA 3.200.000 LTS/HR,NO,SI,Calle 20 de Junio,https://maps.app.goo.gl/xobPTB9egwkehAvFA
E-3253/19,Adolfo Alsina,EMA 3.200.000 LTS/HR,NO,SI,Calle Rivadavia Norte,https://maps.app.goo.gl/xobPTB9egwkehAvFA