fecha,pedido,partido,acta,diametro,solicitados,entregados,pendientes,material,diametro
3/12/2024,,General La Madrid,36,CH800,,2,,Chapa corrugada,800
7/1/2025,,Balcarce,46,H1000,,5,,Hormigón,1000
6/2/2025,,General La Madrid,51,CH800,,3,,Chapa corrugada,800
7/2/2025,,Balcarce,53,CH1000,,5,,Chapa corrugada,1000
17/2/2025,,Rivadavia,54,CH1000,,6,,Chapa corrugada,1000
19/2/2025,,Rivadavia,55,CH1000,,4,,Chapa corrugada,1000
7/3/2025,,Carlos Casares,59,H800,,12,,Hormigón,800
12/3/2025,,Carlos Casares,60,H800,,16,,Hormigón,800
4/4/2025,https://drive.google.com/file/d/1hjejwjIgouN_LceFMyQaf79YPdy-zgOn/view?usp=drive_link,General Viamonte,77,H1000,40,11,29,Hormigón,1000
11/4/2025,,General Viamonte,80,H1000,,11,18,Hormigón,1000
11/4/2025,,Pehuajó,81,H800,42,15,,Hormigón,800
16/4/2025,Estancia VP s.a,General Viamonte,83,H1000,,10,,Hormigón,1000
25/4/2025,,General Viamonte,86,H1000,,10,8,Hormigón,1000
28/4/2025,Estancia VP s.a,General Viamonte,87,H1000,,5,,Hormigón,1000
3/6/2025,,General Viamonte,92,H1000,,8,0,Hormigón,1000
13/5/2025,CAÑOS_NAVARRO,Navarro,93,H800,25,14,11,Hormigón,800
14/5/2025,CAÑOS_NAVARRO,Navarro,94,H800,,11,,Hormigón,800
14/5/2025,,Carlos Casares,95,CH800,,6,,Chapa corrugada,800
2/6/2025,CH800,Carlos Casares,107,CH800,12,10,2,Chapa corrugada,800
11/6/2025,https://drive.google.com/file/d/1vuSByfYwXVdH0NAmdtdqRSeinx12V8rT/view?usp=drive_link,General La Madrid,109,CH800,10,9,1,Chapa corrugada,800
4/6/2025,https://drive.google.com/file/d/1zi_Cy1LmJNGtQk5nOGVnEX_4T4CxMEnt/view?usp=drive_link,Coronel Suárez,108,CH800,10,7,3,Chapa corrugada,800
4/7/2025,https://drive.google.com/file/d/1S8cBD9w2CYdy-Of-sc4dM_vqVZNVJ9d0/view?usp=drive_link,Coronel Suárez,123,CH800,4,4,,Chapa corrugada,800
12/6/2025,https://drive.google.com/file/d/1pa4j7hTZ8TC_b7WsFKcDvOpuYA_RoAl8/view?usp=drive_link,Las Flores,110,CH800,6,6,,Chapa corrugada,800
1/7/2025,https://drive.google.com/file/d/1Urslev0xO2J_GIsCtLeeKB4zXdVM2vJP/view?usp=drive_link,Suipacha,121,CH800,30,20,10 H y 3CH,Chapa corrugada,800
3/7/2025,https://drive.google.com/file/d/1Urslev0xO2J_GIsCtLeeKB4zXdVM2vJP/view?usp=drive_link,Suipacha,122,H800,,10,,Hormigón,800
3/7/2025,https://drive.google.com/file/d/1Urslev0xO2J_GIsCtLeeKB4zXdVM2vJP/view?usp=drive_link,Suipacha,122,CH800,,3,,Chapa corrugada,800
4/7/2025,https://drive.google.com/file/d/1S8cBD9w2CYdy-Of-sc4dM_vqVZNVJ9d0/view?usp=drive_link,Coronel Suárez,123,CH800,11,7,4,Chapa corrugada,800
8/7/2025,https://drive.google.com/file/d/1oWWlR15BnRbhpDqRx6Jvj0SHpGcshHFC/view?usp=drive_link,Pila,124,CH800,5,5,,Chapa corrugada,800
13/8/2025,,Pehuajó,135,CH800,6,6,,Chapa corrugada,800
21/8/2025,https://drive.google.com/drive/folders/15_XL5_0lztmKToKTi8cmRIHlKMiTCo7N,9 De Julio,136,CH1000,4,4,,Chapa corrugada,1000
26/8/2025,,Pehuajó,138,CH800,6,6,,Chapa corrugada,800
27/8/2025,Pila,Pila,140,CH800,12,6,6,Chapa corrugada,800
28/8/2025,Pila,Pila,149,CH800,6,6,,Chapa corrugada,800
3/9/2025,Pedido Casares,Carlos Casares,151,CH800,4,4,,Chapa corrugada,800
3/9/2025,Pedido C. Casares,Carlos Casares,151,CH1000,4,4,,Chapa corrugada,1000
5/9/2025,S/NOTA,25 De Mayo,155,CH800,3,3,,Chapa corrugada,800
5/9/2025,S/NOTA,25 De Mayo,155,CH1000,3,3,,Chapa corrugada,1000
8/9/2025,S/NOTA,25 De Mayo,156,CH800,4,4,,Chapa corrugada,800
8/9/2025,S/NOTA,25 De Mayo,156,CH1000,4,4,,Chapa corrugada,1000
8/9/2025,S/NOTA,25 De Mayo,157,CH800,3,3,,Chapa corrugada,800
8/9/2025,S/NOTA,25 De Mayo,157,CH1000,3,3,,Chapa corrugada,1000
2/10/2025,SIN NOTA,Pehuajó,166,CH800,6,,,Chapa corrugada,800
6/10/2025,https://drive.google.com/file/d/1x7vtbHXxr55TpFqrGIQ68DXJUc8IgtnC/view?usp=drive_link,Salto,167,H1000,24,7,17,Hormigón,1000
6/10/2025,https://drive.google.com/file/d/1x7vtbHXxr55TpFqrGIQ68DXJUc8IgtnC/view?usp=drive_link,Salto,167,CH800,12,3,9,Chapa corrugada,800
7/10/2025,https://drive.google.com/file/d/1x7vtbHXxr55TpFqrGIQ68DXJUc8IgtnC/view?usp=drive_link,Salto,168,H1000,,7,10,Hormigón,1000
7/10/2025,https://drive.google.com/file/d/1x7vtbHXxr55TpFqrGIQ68DXJUc8IgtnC/view?usp=drive_link,Salto,168,CH800,,3,,Chapa corrugada,800
14/10/2025,https://drive.google.com/file/d/1241AEoKEzr3BW34rBlqY_etjzp0s-XYm/view?usp=drive_link,Balcarce,170,CH800,2,2,,Chapa corrugada,800
14/10/2025,https://drive.google.com/file/d/1241AEoKEzr3BW34rBlqY_etjzp0s-XYm/view?usp=drive_link,Balcarce,170,CH1000,2,2,,Chapa corrugada,1000
14/10/2025,https://drive.google.com/file/d/1241AEoKEzr3BW34rBlqY_etjzp0s-XYm/view?usp=drive_link,Balcarce,171,CH800,6,6,,Chapa corrugada,800
15/10/2025,https://drive.google.com/file/d/1LQPQ1xUfs361PFL78fMsz7jNwzPTumK4/view?usp=drive_link,Carlos Casares,173,CH800,12,12,,Chapa corrugada,800
20/10/2025,9 de Julio,9 de Julio,175,CH1000,4,4,,Chapa corrugada,1000
21/10/2025,S/NOTA,25 de Mayo,178,H1000,,2,,Hormigón,1000
21/10/2025,25 de mayo,25 de Mayo,178,H800,,12,,Hormigón,800
21/10/2025,25 de mayo,25 de Mayo,179,H1000,,4,,Hormigón,1000
21/10/2025,25 de mayo,25 de Mayo,179,H800,,8,,Hormigón,800
23/10/2025,https://drive.google.com/file/d/1z22DsMca3bJ4BmSQX8cIjssPQQUxYYyi/view?usp=drive_link,Balcarce,181,CH1000,6,6,,Chapa corrugada,1000
23/10/2025,https://drive.google.com/file/d/1z22DsMca3bJ4BmSQX8cIjssPQQUxYYyi/view?usp=drive_link,Balcarce,181,CH800,6,6,,Chapa corrugada,800
23/10/2025,https://drive.google.com/file/d/1rcRIUkopK0Mgss_qJdLCcPShUp-geArd/view?usp=drive_link,Roque Pérez,182,H1000,20,12,8 hØ1000 Y 15 hØ 8000,Hormigón,1000
23/10/2025,https://drive.google.com/file/d/1rcRIUkopK0Mgss_qJdLCcPShUp-geArd/view?usp=drive_link,Roque Pérez,182,H800,20,5,,Hormigón,800
23/10/2025,https://drive.google.com/file/d/1x7vtbHXxr55TpFqrGIQ68DXJUc8IgtnC/view?usp=drive_link,Salto,184,H1000,,7,6 hØ 800 y 3 hØ 1000,Hormigón,1000
28/10/2025,https://drive.google.com/file/d/1YgldB6A2SvjEjrqqmDvzdlO1bvZXzdFb/view?usp=drive_link,Tordillo,185,CH800,6,6,,Chapa corrugada,800
29/10/2025,https://drive.google.com/file/d/1x7vtbHXxr55TpFqrGIQ68DXJUc8IgtnC/view?usp=drive_link,Salto,186,H1000,,3,,Hormigón,1000
29/10/2025,https://drive.google.com/file/d/1x7vtbHXxr55TpFqrGIQ68DXJUc8IgtnC/view?usp=drive_link,Salto,186,H800,,6,,Hormigón,800
3/11/2025,https://drive.google.com/file/d/15CAW01cqfUgOJcTj9PftuV8Y9_TEXpP4/view?usp=drive_link,General Guido,188,H800,12,10,2 H800 y 12 H1000,Hormigón,800
3/11/2025,https://drive.google.com/file/d/15CAW01cqfUgOJcTj9PftuV8Y9_TEXpP4/view?usp=drive_link,General Guido,188,CH800,6,6,,Chapa corrugada,800
4/11/2025,https://drive.google.com/file/d/1b2-4_gHO8QYoYc7GouPs2_Zq5TTbM2QJ/view?usp=drive_link,Salto,189,H1000,4,4,,Hormigón,1000